{
  "IcoMoonType": "selection",
  "icons": [
    {
      "icon": {
        "paths": [
          "M0 192l512 320-512 320v-640z"
        ],
        "attrs": [
          {}
        ],
        "width": 512,
        "isMulticolor": false,
        "isMulticolor2": false,
        "tags": [
          "playback-play"
        ],
        "grid": 16
      },
      "attrs": [
        {}
      ],
      "properties": {
        "order": 1,
        "id": 0,
        "name": "playback-play",
        "prevSize": 32,
        "code": 59654
      },
      "setIdx": 0,
      "setId": 6,
      "iconIdx": 0
    },
    {
      "icon": {
        "paths": [
          "M244.704 418.208c3.68-17.408-19.616-32.48-44.672-33.088-30.016-0.736-53.152-0.992-73.984-1.088-17.12-0.064-29.952 14.304-30.048 31.968v480c0.096 17.664 12.896 32.032 30.144 31.968 20.96-0.096 44.576-0.352 76.064-1.088 26.304-0.64 51.008-15.68 46.784-33.088-32.704-157.92-32.96-317.664-4.288-475.584zM864 512h-288v-64h288c35.328 0 64-28.672 64-64s-28.672-64-64-64h-280l4-48.064 20-159.936c0-61.856-50.112-112-112-112-61.856 0-112-13.856-112 48l-18.304 112-13.664 95.712-32.032 208.288c0 3.296 0.48 5.888 1.12 8.256l-1.12 7.744-29.248 19.232c0 0-2.752 8.192-2.752 12.768v352c0 17.696 14.336 32 32 32h3.232c14.816 73.024 79.36 128 156.768 128h256c77.408 0 141.952-54.976 156.768-128h-252.768c-35.328 0-64-28.672-64-64h256c35.328 0 64-28.672 64-64s-28.672-64-64-64h-256v-64h288c35.328 0 64-28.672 64-64s-28.672-64-64-64z"
        ],
        "attrs": [
          {}
        ],
        "isMulticolor": false,
        "isMulticolor2": false,
        "tags": [
          "thumbs up",
          "like",
          "approve"
        ],
        "grid": 16
      },
      "attrs": [
        {}
      ],
      "properties": {
        "order": 1,
        "id": 1,
        "prevSize": 32,
        "code": 59651,
        "name": "thumbsup"
      },
      "setIdx": 3,
      "setId": 3,
      "iconIdx": 0
    },
    {
      "icon": {
        "paths": [
          "M0 1024v-96c0-143.488 180.768-197.728 419.168-219.584-52.352-32.448-93.44-123.648-114.848-196.48-0.096 0-0.192 0.064-0.32 0.064-2.176 0-48-57.312-48-128 0-62.016-4.416-113.728 32.224-125.44-0.032-0.864-0.224-1.696-0.224-2.56 0-78.624 40.672-147.52 101.984-187.488 15.84-39.52 64.128-68.512 122.016-68.512s106.176 28.992 122.016 68.512c61.312 39.968 101.984 108.864 101.984 187.488 0 0.864-0.192 1.696-0.224 2.56 36.64 11.712 32.224 63.424 32.224 125.44 0 70.688-50.816 128-48 128-0.128 0-0.224-0.064-0.32-0.064-21.408 72.8-62.496 164.032-114.848 196.48 238.4 21.856 419.168 74.080 419.168 219.584v96h-1024z"
        ],
        "attrs": [
          {}
        ],
        "isMulticolor": false,
        "isMulticolor2": false,
        "tags": [
          "user",
          "profile",
          "avatar",
          "head"
        ],
        "grid": 16
      },
      "attrs": [
        {}
      ],
      "properties": {
        "order": 1,
        "id": 0,
        "name": "user, profile, avatar, head",
        "prevSize": 32,
        "code": 59652
      },
      "setIdx": 3,
      "setId": 3,
      "iconIdx": 1
    },
    {
      "icon": {
        "paths": [
          "M1024 590.444l-512-397.426-512 397.428v-162.038l512-397.426 512 397.428zM896 576v384h-256v-256h-256v256h-256v-384l384-288z"
        ],
        "tags": [
          "home",
          "house"
        ],
        "defaultCode": 59648,
        "grid": 16,
        "attrs": []
      },
      "attrs": [],
      "properties": {
        "ligatures": "home, house",
        "name": "home",
        "order": 8,
        "id": 1,
        "prevSize": 32,
        "code": 59653
      },
      "setIdx": 5,
      "setId": 1,
      "iconIdx": 0
    },
    {
      "icon": {
        "paths": [
          "M959.884 128c0.040 0.034 0.082 0.076 0.116 0.116v767.77c-0.034 0.040-0.076 0.082-0.116 0.116h-895.77c-0.040-0.034-0.082-0.076-0.114-0.116v-767.772c0.034-0.040 0.076-0.082 0.114-0.114h895.77zM960 64h-896c-35.2 0-64 28.8-64 64v768c0 35.2 28.8 64 64 64h896c35.2 0 64-28.8 64-64v-768c0-35.2-28.8-64-64-64v0z",
          "M832 288c0 53.020-42.98 96-96 96s-96-42.98-96-96 42.98-96 96-96 96 42.98 96 96z",
          "M896 832h-768v-128l224-384 256 320h64l224-192z"
        ],
        "tags": [
          "image",
          "picture",
          "photo",
          "graphic"
        ],
        "defaultCode": 59661,
        "grid": 16,
        "attrs": []
      },
      "attrs": [],
      "properties": {
        "ligatures": "image, picture",
        "name": "image",
        "order": 7,
        "id": 14,
        "prevSize": 32,
        "code": 59661
      },
      "setIdx": 5,
      "setId": 1,
      "iconIdx": 13
    },
    {
      "icon": {
        "paths": [
          "M761.862 1024c113.726-206.032 132.888-520.306-313.862-509.824v253.824l-384-384 384-384v248.372c534.962-13.942 594.57 472.214 313.862 775.628z"
        ],
        "tags": [
          "undo",
          "left",
          "arrow-left"
        ],
        "defaultCode": 59751,
        "grid": 16,
        "attrs": []
      },
      "attrs": [],
      "properties": {
        "ligatures": "undo2, left",
        "name": "undo2",
        "order": 10,
        "id": 104,
        "prevSize": 32,
        "code": 59751
      },
      "setIdx": 5,
      "setId": 1,
      "iconIdx": 103
    },
    {
      "icon": {
        "paths": [
          "M512 64c282.77 0 512 186.25 512 416 0 229.752-229.23 416-512 416-27.156 0-53.81-1.734-79.824-5.044-109.978 109.978-241.25 129.7-368.176 132.596v-26.916c68.536-33.578 128-94.74 128-164.636 0-9.754-0.758-19.33-2.164-28.696-115.796-76.264-189.836-192.754-189.836-323.304 0-229.75 229.23-416 512-416z"
        ],
        "tags": [
          "bubble",
          "comment",
          "chat",
          "talk"
        ],
        "defaultCode": 59755,
        "grid": 16,
        "attrs": []
      },
      "attrs": [],
      "properties": {
        "ligatures": "bubble, comment",
        "name": "bubble",
        "order": 9,
        "id": 108,
        "prevSize": 32,
        "code": 59755
      },
      "setIdx": 5,
      "setId": 1,
      "iconIdx": 107
    },
    {
      "icon": {
        "paths": [
          "M576 706.612v-52.78c70.498-39.728 128-138.772 128-237.832 0-159.058 0-288-192-288s-192 128.942-192 288c0 99.060 57.502 198.104 128 237.832v52.78c-217.102 17.748-384 124.42-384 253.388h896c0-128.968-166.898-235.64-384-253.388z"
        ],
        "tags": [
          "user",
          "profile",
          "avatar",
          "person",
          "member"
        ],
        "defaultCode": 59761,
        "grid": 16,
        "attrs": []
      },
      "attrs": [],
      "properties": {
        "ligatures": "user, profile2",
        "name": "user3",
        "order": 2,
        "id": 114,
        "prevSize": 32,
        "code": 59761
      },
      "setIdx": 5,
      "setId": 1,
      "iconIdx": 113
    },
    {
      "icon": {
        "width": 1152,
        "paths": [
          "M768 770.612v-52.78c70.498-39.728 128-138.772 128-237.832 0-159.058 0-288-192-288s-192 128.942-192 288c0 99.060 57.502 198.104 128 237.832v52.78c-217.102 17.748-384 124.42-384 253.388h896c0-128.968-166.898-235.64-384-253.388z",
          "M327.196 795.328c55.31-36.15 124.080-63.636 199.788-80.414-15.054-17.784-28.708-37.622-40.492-59.020-30.414-55.234-46.492-116.058-46.492-175.894 0-86.042 0-167.31 30.6-233.762 29.706-64.504 83.128-104.496 159.222-119.488-16.914-76.48-61.94-126.75-181.822-126.75-192 0-192 128.942-192 288 0 99.060 57.502 198.104 128 237.832v52.78c-217.102 17.748-384 124.42-384 253.388h279.006c14.518-12.91 30.596-25.172 48.19-36.672z"
        ],
        "tags": [
          "users",
          "group",
          "team",
          "members",
          "community",
          "collaborate"
        ],
        "defaultCode": 59762,
        "grid": 16,
        "attrs": []
      },
      "attrs": [],
      "properties": {
        "ligatures": "users, group",
        "name": "users",
        "order": 3,
        "id": 115,
        "prevSize": 32,
        "code": 59762
      },
      "setIdx": 5,
      "setId": 1,
      "iconIdx": 114
    },
    {
      "icon": {
        "width": 1024,
        "paths": [
          "M384 736c0-151.234 95.874-280.486 230.032-330.2 16.28-36.538 25.968-77.164 25.968-117.8 0-159.058 0-288-192-288s-192 128.942-192 288c0 99.060 57.502 198.104 128 237.832v52.78c-217.102 17.748-384 124.42-384 253.388h397.306c-8.664-30.53-13.306-62.732-13.306-96z",
          "M736 448c-159.058 0-288 128.942-288 288s128.942 288 288 288c159.056 0 288-128.942 288-288s-128.942-288-288-288zM896 768h-128v128h-64v-128h-128v-64h128v-128h64v128h128v64z"
        ],
        "tags": [
          "user-plus",
          "user",
          "user-add",
          "profile",
          "avatar",
          "person",
          "member"
        ],
        "defaultCode": 59763,
        "grid": 16,
        "attrs": []
      },
      "attrs": [],
      "properties": {
        "ligatures": "user-plus, user2",
        "name": "user-plus",
        "order": 4,
        "id": 116,
        "prevSize": 32,
        "code": 59763
      },
      "setIdx": 5,
      "setId": 1,
      "iconIdx": 115
    },
    {
      "icon": {
        "width": 1024,
        "paths": [
          "M384 736c0-151.234 95.874-280.486 230.032-330.2 16.28-36.538 25.968-77.164 25.968-117.8 0-159.058 0-288-192-288s-192 128.942-192 288c0 99.060 57.502 198.104 128 237.832v52.78c-217.102 17.748-384 124.42-384 253.388h397.306c-8.664-30.53-13.306-62.732-13.306-96z",
          "M736 448c-159.058 0-288 128.942-288 288s128.942 288 288 288c159.056 0 288-128.942 288-288s-128.942-288-288-288zM896 768h-320v-64h320v64z"
        ],
        "tags": [
          "user-minus",
          "user",
          "user-remove",
          "profile",
          "avatar",
          "person",
          "member"
        ],
        "defaultCode": 59764,
        "grid": 16,
        "attrs": []
      },
      "attrs": [],
      "properties": {
        "ligatures": "user-minus, user3",
        "name": "user-minus",
        "order": 5,
        "id": 117,
        "prevSize": 32,
        "code": 59764
      },
      "setIdx": 5,
      "setId": 1,
      "iconIdx": 116
    },
    {
      "icon": {
        "width": 1024,
        "paths": [
          "M960 608l-288 288-96-96-64 64 160 160 352-352z",
          "M448 768h320v-115.128c-67.22-39.2-156.308-66.11-256-74.26v-52.78c70.498-39.728 128-138.772 128-237.832 0-159.058 0-288-192-288s-192 128.942-192 288c0 99.060 57.502 198.104 128 237.832v52.78c-217.102 17.748-384 124.42-384 253.388h448v-64z"
        ],
        "tags": [
          "user-check",
          "user",
          "user-tick",
          "profile",
          "avatar",
          "person",
          "member"
        ],
        "defaultCode": 59765,
        "grid": 16,
        "attrs": []
      },
      "attrs": [],
      "properties": {
        "ligatures": "user-check, user4",
        "name": "user-check",
        "order": 6,
        "id": 118,
        "prevSize": 32,
        "code": 59765
      },
      "setIdx": 5,
      "setId": 1,
      "iconIdx": 117
    },
    {
      "icon": {
        "paths": [
          "M576 96c0 53.019-42.981 96-96 96s-96-42.981-96-96c0-53.019 42.981-96 96-96s96 42.981 96 96z",
          "M576 256h-192c-35.346 0-64 28.654-64 64v320h64v384h80v-384h32v384h80v-384h64v-320c0-35.346-28.652-64-64-64z"
        ],
        "tags": [
          "man",
          "male",
          "gender",
          "sex"
        ],
        "defaultCode": 59868,
        "grid": 16,
        "attrs": []
      },
      "attrs": [],
      "properties": {
        "ligatures": "man, male",
        "name": "man",
        "order": 16,
        "id": 221,
        "prevSize": 32,
        "code": 59868
      },
      "setIdx": 5,
      "setId": 1,
      "iconIdx": 220
    },
    {
      "icon": {
        "paths": [
          "M512 1024c282.77 0 512-229.23 512-512s-229.23-512-512-512-512 229.23-512 512 229.23 512 512 512zM512 96c229.75 0 416 186.25 416 416s-186.25 416-416 416-416-186.25-416-416 186.25-416 416-416zM512 598.76c115.95 0 226.23-30.806 320-84.92-14.574 178.438-153.128 318.16-320 318.16-166.868 0-305.422-139.872-320-318.304 93.77 54.112 204.050 85.064 320 85.064zM256 352c0-53.019 28.654-96 64-96s64 42.981 64 96c0 53.019-28.654 96-64 96s-64-42.981-64-96zM640 352c0-53.019 28.654-96 64-96s64 42.981 64 96c0 53.019-28.654 96-64 96s-64-42.981-64-96z"
        ],
        "tags": [
          "happy",
          "emoticon",
          "smiley",
          "face"
        ],
        "defaultCode": 59871,
        "grid": 16,
        "attrs": []
      },
      "attrs": [],
      "properties": {
        "ligatures": "happy, emoticon",
        "name": "happy",
        "order": 11,
        "id": 224,
        "prevSize": 32,
        "code": 59871
      },
      "setIdx": 5,
      "setId": 1,
      "iconIdx": 223
    },
    {
      "icon": {
        "paths": [
          "M512 1024c282.77 0 512-229.23 512-512s-229.23-512-512-512-512 229.23-512 512 229.23 512 512 512zM512 96c229.75 0 416 186.25 416 416s-186.25 416-416 416-416-186.25-416-416 186.25-416 416-416zM256 320c0-35.346 28.654-64 64-64s64 28.654 64 64c0 35.346-28.654 64-64 64s-64-28.654-64-64zM640 320c0-35.346 28.654-64 64-64s64 28.654 64 64c0 35.346-28.654 64-64 64s-64-28.654-64-64zM319.902 780.74l-82.328-49.396c55.962-93.070 157.916-155.344 274.426-155.344 116.508 0 218.462 62.274 274.426 155.344l-82.328 49.396c-39.174-65.148-110.542-108.74-192.098-108.74-81.558 0-152.924 43.592-192.098 108.74z"
        ],
        "tags": [
          "sad",
          "emoticon",
          "smiley",
          "face"
        ],
        "defaultCode": 59877,
        "grid": 16,
        "attrs": []
      },
      "attrs": [],
      "properties": {
        "ligatures": "sad, emoticon7",
        "name": "sad",
        "order": 12,
        "id": 230,
        "prevSize": 32,
        "code": 59877
      },
      "setIdx": 5,
      "setId": 1,
      "iconIdx": 229
    },
    {
      "icon": {
        "paths": [
          "M512 1024c282.77 0 512-229.23 512-512s-229.23-512-512-512-512 229.23-512 512 229.23 512 512 512zM512 96c229.75 0 416 186.25 416 416s-186.25 416-416 416-416-186.25-416-416 186.25-416 416-416zM542.74 711.028c140.248-27.706 249.11-91.542 288.454-176.594-21.654 167.956-161.518 297.566-330.85 297.566-119.242 0-223.858-64.282-282.892-160.948 70.41 55.058 194.534 65.808 325.288 39.976zM640 352c0-53.019 28.654-96 64-96s64 42.981 64 96c0 53.019-28.654 96-64 96s-64-42.981-64-96zM352 371.5c-41.796 0-77.334 15.656-90.516 37.5-3.54-5.866-5.484-32.174-5.484-38.75 0-31.066 42.98-56.25 96-56.25s96 25.184 96 56.25c0 6.576-1.944 32.884-5.484 38.75-13.182-21.844-48.72-37.5-90.516-37.5z"
        ],
        "tags": [
          "wink",
          "emoticon",
          "smiley",
          "face"
        ],
        "defaultCode": 59879,
        "grid": 16,
        "attrs": []
      },
      "attrs": [],
      "properties": {
        "ligatures": "wink, emoticon9",
        "name": "wink",
        "order": 14,
        "id": 232,
        "prevSize": 32,
        "code": 59879
      },
      "setIdx": 5,
      "setId": 1,
      "iconIdx": 231
    },
    {
      "icon": {
        "paths": [
          "M512 1024c282.77 0 512-229.23 512-512s-229.23-512-512-512-512 229.23-512 512 229.23 512 512 512zM512 96c229.75 0 416 186.25 416 416s-186.25 416-416 416-416-186.25-416-416 186.25-416 416-416zM192 512v64c0 140.8 115.2 256 256 256h128c140.8 0 256-115.2 256-256v-64h-640zM384 756.988c-26.538-9.458-50.924-24.822-71.544-45.446-36.406-36.402-56.456-84.54-56.456-135.542h128v180.988zM576 768h-128v-192h128v192zM711.544 711.542c-20.624 20.624-45.010 35.988-71.544 45.446v-180.988h128c0 51.002-20.048 99.14-56.456 135.542zM225.352 384c0.002 0 0 0 0 0 9.768 0 18.108-7.056 19.724-16.69 6.158-36.684 37.668-63.31 74.924-63.31s68.766 26.626 74.924 63.31c1.616 9.632 9.956 16.69 19.722 16.69 9.768 0 18.108-7.056 19.724-16.688 1.082-6.436 1.628-12.934 1.628-19.312 0-63.962-52.038-116-116-116s-116 52.038-116 116c0 6.378 0.548 12.876 1.628 19.312 1.62 9.632 9.96 16.688 19.726 16.688zM609.352 384c0.002 0 0 0 0 0 9.77 0 18.112-7.056 19.724-16.69 6.158-36.684 37.668-63.31 74.924-63.31s68.766 26.626 74.924 63.31c1.616 9.632 9.958 16.69 19.722 16.69s18.108-7.056 19.722-16.688c1.082-6.436 1.628-12.934 1.628-19.312 0-63.962-52.038-116-116-116s-116 52.038-116 116c0 6.378 0.544 12.876 1.626 19.312 1.624 9.632 9.964 16.688 19.73 16.688z"
        ],
        "tags": [
          "grin",
          "emoticon",
          "smiley",
          "face"
        ],
        "defaultCode": 59881,
        "grid": 16,
        "attrs": []
      },
      "attrs": [],
      "properties": {
        "ligatures": "grin, emoticon11",
        "name": "grin",
        "order": 15,
        "id": 234,
        "prevSize": 32,
        "code": 59881
      },
      "setIdx": 5,
      "setId": 1,
      "iconIdx": 233
    },
    {
      "icon": {
        "paths": [
          "M512 1024c282.77 0 512-229.23 512-512s-229.23-512-512-512-512 229.23-512 512 229.23 512 512 512zM512 96c229.75 0 416 186.25 416 416s-186.25 416-416 416-416-186.25-416-416 186.25-416 416-416zM800 256c17.6 0 32 14.4 32 32v96c0 35.2-28.8 64-64 64h-128c-35.2 0-64-28.8-64-64h-128c0 35.2-28.8 64-64 64h-128c-35.2 0-64-28.8-64-64v-96c0-17.6 14.4-32 32-32h192c17.6 0 32 14.4 32 32v32h128v-32c0-17.6 14.4-32 32-32h192zM512 768c93.208 0 174.772-49.818 219.546-124.278l54.88 32.934c-55.966 93.070-157.916 155.344-274.426 155.344-48.458 0-94.384-10.796-135.54-30.082l33.162-55.278c31.354 13.714 65.964 21.36 102.378 21.36z"
        ],
        "tags": [
          "cool",
          "emoticon",
          "smiley",
          "face"
        ],
        "defaultCode": 59883,
        "grid": 16,
        "attrs": []
      },
      "attrs": [],
      "properties": {
        "ligatures": "cool, emoticon13",
        "name": "cool",
        "order": 22,
        "id": 236,
        "prevSize": 32,
        "code": 59883
      },
      "setIdx": 5,
      "setId": 1,
      "iconIdx": 235
    },
    {
      "icon": {
        "paths": [
          "M512 1024c282.77 0 512-229.23 512-512s-229.23-512-512-512-512 229.23-512 512 229.23 512 512 512zM512 96c229.75 0 416 186.25 416 416s-186.25 416-416 416-416-186.25-416-416 186.25-416 416-416zM384 704c0-70.692 57.308-128 128-128s128 57.308 128 128c0 70.692-57.308 128-128 128s-128-57.308-128-128zM640 352c0-53.019 28.654-96 64-96s64 42.981 64 96c0 53.019-28.654 96-64 96s-64-42.981-64-96zM256 352c0-53.019 28.654-96 64-96s64 42.981 64 96c0 53.019-28.654 96-64 96s-64-42.981-64-96z"
        ],
        "tags": [
          "shocked",
          "emoticon",
          "smiley",
          "face"
        ],
        "defaultCode": 59889,
        "grid": 16,
        "attrs": []
      },
      "attrs": [],
      "properties": {
        "ligatures": "shocked, emoticon19",
        "name": "shocked",
        "order": 13,
        "id": 242,
        "prevSize": 32,
        "code": 59889
      },
      "setIdx": 5,
      "setId": 1,
      "iconIdx": 241
    },
    {
      "icon": {
        "paths": [
          "M512 1024c282.77 0 512-229.23 512-512s-229.23-512-512-512-512 229.23-512 512 229.23 512 512 512zM512 96c229.75 0 416 186.25 416 416s-186.25 416-416 416-416-186.25-416-416 186.25-416 416-416zM745.74 601.62l22.488 76.776-437.008 128.002-22.488-76.776zM256 320c0-35.346 28.654-64 64-64s64 28.654 64 64c0 35.346-28.654 64-64 64s-64-28.654-64-64zM640 320c0-35.346 28.654-64 64-64s64 28.654 64 64c0 35.346-28.654 64-64 64s-64-28.654-64-64z"
        ],
        "tags": [
          "wondering",
          "emoticon",
          "smiley",
          "face",
          "question"
        ],
        "defaultCode": 59899,
        "grid": 16,
        "attrs": []
      },
      "attrs": [],
      "properties": {
        "ligatures": "wondering, emoticon29",
        "name": "wondering",
        "order": 18,
        "id": 252,
        "prevSize": 32,
        "code": 59899
      },
      "setIdx": 5,
      "setId": 1,
      "iconIdx": 251
    },
    {
      "icon": {
        "paths": [
          "M512 0c-282.77 0-512 229.23-512 512s229.23 512 512 512 512-229.23 512-512-229.23-512-512-512zM704 256c35.346 0 64 28.654 64 64s-28.654 64-64 64-64-28.654-64-64 28.654-64 64-64zM256 320c0-35.346 28.654-64 64-64s64 28.654 64 64-28.654 64-64 64-64-28.654-64-64zM331.244 806.386l-22.488-76.774 437-128 22.488 76.774-437 128z"
        ],
        "tags": [
          "wondering",
          "emoticon",
          "smiley",
          "face",
          "question"
        ],
        "defaultCode": 59900,
        "grid": 16,
        "attrs": []
      },
      "attrs": [],
      "properties": {
        "ligatures": "wondering2, emoticon30",
        "name": "wondering2",
        "order": 17,
        "id": 253,
        "prevSize": 32,
        "code": 59900
      },
      "setIdx": 5,
      "setId": 1,
      "iconIdx": 252
    },
    {
      "icon": {
        "paths": [
          "M512 1024c282.77 0 512-229.23 512-512s-229.23-512-512-512-512 229.23-512 512 229.23 512 512 512zM512 96c229.75 0 416 186.25 416 416s-186.25 416-416 416-416-186.25-416-416 186.25-416 416-416z",
          "M800 384h-128c-17.674 0-32-14.328-32-32s14.326-32 32-32h128c17.674 0 32 14.328 32 32s-14.326 32-32 32z",
          "M352 384h-128c-17.672 0-32-14.328-32-32s14.328-32 32-32h128c17.672 0 32 14.328 32 32s-14.328 32-32 32z",
          "M608 856c-8.19 0-16.378-3.124-22.626-9.374-4.582-4.582-29.42-14.626-73.374-14.626s-68.79 10.044-73.374 14.626c-12.496 12.496-32.758 12.496-45.254 0-12.498-12.496-12.498-32.758 0-45.254 30.122-30.12 92.994-33.372 118.628-33.372 25.632 0 88.506 3.252 118.626 33.374 12.498 12.496 12.498 32.758 0 45.254-6.248 6.248-14.436 9.372-22.626 9.372z",
          "M736 576c-17.674 0-32-14.326-32-32v-64c0-17.672 14.326-32 32-32s32 14.328 32 32v64c0 17.674-14.326 32-32 32z",
          "M736 768c-17.674 0-32-14.326-32-32v-64c0-17.674 14.326-32 32-32s32 14.326 32 32v64c0 17.674-14.326 32-32 32z",
          "M288 576c-17.672 0-32-14.326-32-32v-64c0-17.672 14.328-32 32-32s32 14.328 32 32v64c0 17.674-14.328 32-32 32z",
          "M288 768c-17.672 0-32-14.326-32-32v-64c0-17.674 14.328-32 32-32s32 14.326 32 32v64c0 17.674-14.328 32-32 32z"
        ],
        "tags": [
          "crying",
          "emoticon",
          "smiley",
          "face"
        ],
        "defaultCode": 59905,
        "grid": 16,
        "attrs": []
      },
      "attrs": [],
      "properties": {
        "ligatures": "crying, emoticon35",
        "name": "crying",
        "order": 21,
        "id": 258,
        "prevSize": 32,
        "code": 59905
      },
      "setIdx": 5,
      "setId": 1,
      "iconIdx": 257
    },
    {
      "icon": {
        "paths": [
          "M340 548.571c0 4.571-2.286 9.714-5.714 13.143l-266.286 266.286c-3.429 3.429-8.571 5.714-13.143 5.714s-9.714-2.286-13.143-5.714l-28.571-28.571c-3.429-3.429-5.714-8-5.714-13.143 0-4.571 2.286-9.714 5.714-13.143l224.571-224.571-224.571-224.571c-3.429-3.429-5.714-8.571-5.714-13.143s2.286-9.714 5.714-13.143l28.571-28.571c3.429-3.429 8.571-5.714 13.143-5.714s9.714 2.286 13.143 5.714l266.286 266.286c3.429 3.429 5.714 8.571 5.714 13.143z"
        ],
        "attrs": [
          {}
        ],
        "width": 347,
        "isMulticolor": false,
        "isMulticolor2": false,
        "tags": [
          "angle-right"
        ],
        "grid": 14
      },
      "attrs": [
        {}
      ],
      "properties": {
        "order": 1,
        "id": 4,
        "prevSize": 28,
        "code": 59655,
        "name": "angle-right"
      },
      "setIdx": 1,
      "setId": 5,
      "iconIdx": 0
    },
    {
      "icon": {
        "paths": [
          "M358.286 310.857c0 4.571-2.286 9.714-5.714 13.143l-224.571 224.571 224.571 224.571c3.429 3.429 5.714 8.571 5.714 13.143s-2.286 9.714-5.714 13.143l-28.571 28.571c-3.429 3.429-8.571 5.714-13.143 5.714s-9.714-2.286-13.143-5.714l-266.286-266.286c-3.429-3.429-5.714-8.571-5.714-13.143s2.286-9.714 5.714-13.143l266.286-266.286c3.429-3.429 8.571-5.714 13.143-5.714s9.714 2.286 13.143 5.714l28.571 28.571c3.429 3.429 5.714 8 5.714 13.143z"
        ],
        "attrs": [
          {}
        ],
        "width": 384,
        "isMulticolor": false,
        "isMulticolor2": false,
        "tags": [
          "angle-left"
        ],
        "grid": 14
      },
      "attrs": [
        {}
      ],
      "properties": {
        "order": 2,
        "id": 3,
        "prevSize": 28,
        "code": 59656,
        "name": "angle-left"
      },
      "setIdx": 1,
      "setId": 5,
      "iconIdx": 1
    },
    {
      "icon": {
        "paths": [
          "M340 548.571c0 4.571-2.286 9.714-5.714 13.143l-266.286 266.286c-3.429 3.429-8.571 5.714-13.143 5.714s-9.714-2.286-13.143-5.714l-28.571-28.571c-3.429-3.429-5.714-8.571-5.714-13.143s2.286-9.714 5.714-13.143l224.571-224.571-224.571-224.571c-3.429-3.429-5.714-8.571-5.714-13.143s2.286-9.714 5.714-13.143l28.571-28.571c3.429-3.429 8.571-5.714 13.143-5.714s9.714 2.286 13.143 5.714l266.286 266.286c3.429 3.429 5.714 8.571 5.714 13.143zM559.429 548.571c0 4.571-2.286 9.714-5.714 13.143l-266.286 266.286c-3.429 3.429-8.571 5.714-13.143 5.714s-9.714-2.286-13.143-5.714l-28.571-28.571c-3.429-3.429-5.714-8.571-5.714-13.143s2.286-9.714 5.714-13.143l224.571-224.571-224.571-224.571c-3.429-3.429-5.714-8.571-5.714-13.143s2.286-9.714 5.714-13.143l28.571-28.571c3.429-3.429 8.571-5.714 13.143-5.714s9.714 2.286 13.143 5.714l266.286 266.286c3.429 3.429 5.714 8.571 5.714 13.143z"
        ],
        "attrs": [
          {}
        ],
        "width": 567,
        "isMulticolor": false,
        "isMulticolor2": false,
        "tags": [
          "angle-double-right"
        ],
        "grid": 14
      },
      "attrs": [
        {}
      ],
      "properties": {
        "order": 3,
        "id": 2,
        "prevSize": 28,
        "code": 59657,
        "name": "angle-double-right"
      },
      "setIdx": 1,
      "setId": 5,
      "iconIdx": 2
    },
    {
      "icon": {
        "paths": [
          "M358.286 786.286c0 4.571-2.286 9.714-5.714 13.143l-28.571 28.571c-3.429 3.429-8.571 5.714-13.143 5.714s-9.714-2.286-13.143-5.714l-266.286-266.286c-3.429-3.429-5.714-8.571-5.714-13.143s2.286-9.714 5.714-13.143l266.286-266.286c3.429-3.429 8.571-5.714 13.143-5.714s9.714 2.286 13.143 5.714l28.571 28.571c3.429 3.429 5.714 8.571 5.714 13.143s-2.286 9.714-5.714 13.143l-224.571 224.571 224.571 224.571c3.429 3.429 5.714 8.571 5.714 13.143zM577.714 786.286c0 4.571-2.286 9.714-5.714 13.143l-28.571 28.571c-3.429 3.429-8.571 5.714-13.143 5.714s-9.714-2.286-13.143-5.714l-266.286-266.286c-3.429-3.429-5.714-8.571-5.714-13.143s2.286-9.714 5.714-13.143l266.286-266.286c3.429-3.429 8.571-5.714 13.143-5.714s9.714 2.286 13.143 5.714l28.571 28.571c3.429 3.429 5.714 8.571 5.714 13.143s-2.286 9.714-5.714 13.143l-224.571 224.571 224.571 224.571c3.429 3.429 5.714 8.571 5.714 13.143z"
        ],
        "attrs": [
          {}
        ],
        "width": 603,
        "isMulticolor": false,
        "isMulticolor2": false,
        "tags": [
          "angle-double-left"
        ],
        "grid": 14
      },
      "attrs": [
        {}
      ],
      "properties": {
        "order": 4,
        "id": 1,
        "prevSize": 28,
        "code": 59658,
        "name": "angle-double-left"
      },
      "setIdx": 1,
      "setId": 5,
      "iconIdx": 3
    },
    {
      "icon": {
        "paths": [
          "M274.286 621.714c0-50.286-41.143-91.429-91.429-91.429s-91.429 41.143-91.429 91.429 41.143 91.429 91.429 91.429 91.429-41.143 91.429-91.429zM294.857 438.857h580.571l-50.857-204c-1.714-6.286-13.143-15.429-20-15.429h-438.857c-6.857 0-18.286 9.143-20 15.429zM1078.857 621.714c0-50.286-41.143-91.429-91.429-91.429s-91.429 41.143-91.429 91.429 41.143 91.429 91.429 91.429 91.429-41.143 91.429-91.429zM1170.286 566.857v219.429c0 10.286-8 18.286-18.286 18.286h-54.857v73.143c0 60.571-49.143 109.714-109.714 109.714s-109.714-49.143-109.714-109.714v-73.143h-585.143v73.143c0 60.571-49.143 109.714-109.714 109.714s-109.714-49.143-109.714-109.714v-73.143h-54.857c-10.286 0-18.286-8-18.286-18.286v-219.429c0-70.857 57.143-128 128-128h16l60-239.429c17.714-72 87.429-126.286 161.714-126.286h438.857c74.286 0 144 54.286 161.714 126.286l60 239.429h16c70.857 0 128 57.143 128 128z"
        ],
        "attrs": [
          {}
        ],
        "width": 1170,
        "isMulticolor": false,
        "isMulticolor2": false,
        "tags": [
          "automobile",
          "car"
        ],
        "grid": 14
      },
      "attrs": [
        {}
      ],
      "properties": {
        "order": 1,
        "id": 0,
        "name": "automobile, car",
        "prevSize": 28,
        "code": 59648
      },
      "setIdx": 1,
      "setId": 5,
      "iconIdx": 4
    },
    {
      "icon": {
        "paths": [
          "M927.936 272.992l-68.288-68.288c-12.608-12.576-32.96-12.576-45.536 0l-409.44 409.44-194.752-196.16c-12.576-12.576-32.928-12.576-45.536 0l-68.288 68.288c-12.576 12.608-12.576 32.96 0 45.536l285.568 287.488c12.576 12.576 32.96 12.576 45.536 0l500.736-500.768c12.576-12.544 12.576-32.96 0-45.536z"
        ],
        "attrs": [
          {}
        ],
        "isMulticolor": false,
        "isMulticolor2": false,
        "tags": [
          "checkmark",
          "tick",
          "approve",
          "submit"
        ],
        "grid": 32
      },
      "attrs": [
        {}
      ],
      "properties": {
        "order": 1,
        "id": 0,
        "prevSize": 32,
        "code": 59649,
        "name": "checkmark"
      },
      "setIdx": 2,
      "setId": 4,
      "iconIdx": 0
    },
    {
      "icon": {
        "paths": [
          "M995.52 906.752c-6.432-4.256-123.136-80.8-296.736-118.368 63.68-80.672 104.576-189.184 121.952-261.408 24.128-100.096 14.752-295.936-81.376-417.984-56.192-71.328-134.816-108.992-227.36-108.992s-171.168 37.696-227.328 108.992c-96.128 122.016-105.472 317.856-81.376 417.952 17.376 72.224 58.24 180.736 121.952 261.408-173.6 37.568-290.304 114.112-296.704 118.368-23.456 15.616-33.952 44.8-25.76 71.744 8.128 27.040 33.056 45.536 61.216 45.536h896c28.192 0 53.056-18.496 61.248-45.504 8.224-26.944-2.272-56.128-25.728-71.744zM648.544 748.736l-10.432 13.248c-76.32 87.68-175.84 87.68-252.128 0l-10.464-13.248c-89.12-112.928-133.344-262.304-114.304-404.8 17.44-136.928 95.904-279.936 250.784-279.936s233.376 143.040 250.816 279.968c18.976 142.56-25.088 291.776-114.272 404.768zM64 960c4.416-2.944 112.832-74.048 274.752-109.056l79.488-17.184c28.384 18.624 59.52 30.24 93.76 30.24 34.272 0 65.376-11.616 93.76-30.24l79.488 17.184c160.64 34.752 268.672 105.056 274.752 109.056h-896z"
        ],
        "attrs": [
          {}
        ],
        "isMulticolor": false,
        "isMulticolor2": false,
        "tags": [
          "user",
          "profile",
          "avatar"
        ],
        "grid": 32
      },
      "attrs": [
        {}
      ],
      "properties": {
        "order": 1,
        "id": 0,
        "name": "user2, profile2, avatar2",
        "prevSize": 32,
        "code": 59650
      },
      "setIdx": 4,
      "setId": 2,
      "iconIdx": 0
    }
  ],
  "height": 1024,
  "metadata": {
    "name": "icomoon"
  },
  "preferences": {
    "showGlyphs": true,
    "showQuickUse": true,
    "showQuickUse2": true,
    "showSVGs": true,
    "fontPref": {
      "prefix": "icon-",
      "metadata": {
        "fontFamily": "icomoon"
      },
      "metrics": {
        "emSize": 1024,
        "baseline": 6.25,
        "whitespace": 50
      },
      "embed": false
    },
    "imagePref": {
      "prefix": "icon-",
      "png": true,
      "useClassSelector": true,
      "color": 0,
      "bgColor": 16777215,
      "classSelector": ".icon"
    },
    "historySize": 100,
    "showCodes": true,
    "gridSize": 16
  }
}